<?xml version="1.0" encoding="UTF-8" ?>
<!DOCTYPE mapper
  PUBLIC "-//mybatis.org//DTD Mapper 3.0//EN"
  "https://mybatis.org/dtd/mybatis-3-mapper.dtd">

<mapper namespace="org.zerock.mapper.BoardMapper">
  
  <select id="read" resultType="org.zerock.domain.BoardVO">
  	select * from tbl_board where bno = #{bno}
  </select>
  
  
  <select id="getList" resultType="org.zerock.domain.BoardVO">
    select * from tbl_board where bno > 0  order by bno desc
  </select>
  
  <insert id="insert">
  	insert into tbl_board(bno, title, content, writer)
  	values(seq_board.nextval, #{title}, #{content}, #{writer})
  </insert>
  
  <insert id="insertSelectKey">
  	<selectKey keyProperty="bno" order="BEFORE" resultType="long">
  		select seq_board.nextval from dual
  	</selectKey>
  	
  	insert into tbl_board(bno, title, content, writer)
  	values(#{bno}, #{title}, #{content}, #{writer})
  </insert>
  
  <delete id="delete">
  	delete from tbl_board where bno = #{bno}
  </delete>
  
  <update id="update">
  	update tbl_board
  	set 
  	title = #{title},
  	content = #{content},
  	updateDate = sysdate
  	where bno = #{bno}
  </update>
  
  
  <select id="getListWithPagin" resultType="org.zerock.domain.BoardVO">
  	<![CDATA[
	  	select bno, title, content,regdate, updatedate
		from (
		    select /*+ index_desc(tbl_board pk_board) */ 
		    rownum rn, bno, title,content, regdate, updatedate
		    from tbl_board  where rownum <= #{pageNum} * #{amount}
		)
		where rn > (#{pageNum}-1)* #{amount}
	]]>
  </select>
  
  
  
  
  
  
  
  
  
  
</mapper>