<?xml version="1.0" encoding="UTF-8"?>
<beans xmlns="http://www.springframework.org/schema/beans"
	xmlns:xsi="http://www.w3.org/2001/XMLSchema-instance"
	xmlns:security="http://www.springframework.org/schema/security"
	xsi:schemaLocation="http://www.springframework.org/schema/security 
	http://www.springframework.org/schema/security/spring-security.xsd
		http://www.springframework.org/schema/beans 
		http://www.springframework.org/schema/beans/spring-beans.xsd">
	
	<bean id="customAccessDeniedHandler" class="org.zerock.security.CustomAccessDeniedHandler"></bean>
	
	<!-- <bean id="customLoginSuccessHandler" class="org.zerock.security.CustomLoginSuccessHandler"> </bean> -->
	
	<bean id="bCryptPasswordEncoder" 
	class="org.springframework.security.crypto.bcrypt.BCryptPasswordEncoder"></bean>
	
	<bean id="customUserDetailService" class="org.zerock.security.CustomUserDetailService"></bean>
	
	<security:http auto-config="true" use-expressions="true">
		<security:intercept-url pattern="/sample/all"
		access="permitAll"/>
		<security:intercept-url pattern="/sample/member"
		access="hasRole('ROLE_MEMBER')"/>

		<security:intercept-url pattern="/sample/admin"
		access="hasRole('ROLE_ADMIN')"/>
		
		<security:access-denied-handler ref="customAccessDeniedHandler"/>
		
		<security:form-login  login-page="/customLogin" />
		
		<security:logout logout-url="/customLogout" invalidate-session="true" />
		
		<security:remember-me data-source-ref="dataSource" token-validity-seconds="604800" />
		
		<security:logout logout-success-url="/customLogout" 
			invalidate-session="true" delete-cookies="remember-me, JSESSION_ID" />
	</security:http>
	
	<security:authentication-manager>
		<security:authentication-provider user-service-ref="customUserDetailService">
			
			<!-- <security:jdbc-user-service data-source-ref="dataSource"
			users-by-username-query="select userid, userpw, enabled from tbl_member where userid=? "
			authorities-by-username-query="select userid, auth from tbl_member_auth where userid=?"
			/> -->
		
			<security:password-encoder ref="bCryptPasswordEncoder"/>
			
		</security:authentication-provider>
	</security:authentication-manager>
	
</beans>
