<?xml version="1.0" encoding="UTF-8" ?>
<!DOCTYPE mapper
  PUBLIC "-//mybatis.org//DTD Mapper 3.0//EN"
  "https://mybatis.org/dtd/mybatis-3-mapper.dtd">
<mapper namespace="org.zerock.mapper.MemberMapper">
	
	<resultMap type="org.zerock.domain.MemberVO" id="memberMap">
		<id property="userid" column="userid"/>
		<result property="userid" column="userid" />
		<result property="userpw" column="userpw" />
		<result property="userName" column="userName" />
		<result property="regDate" column="regDate" />
		<result property="updateDate" column="updateDate" />
		<collection property="authList" resultMap="authMap"></collection>
	</resultMap>
	
	<resultMap type="org.zerock.domain.AuthVO" id="authMap">
		<result property="userid" column="userid" />
		<result property="auth" column="auth" />
	</resultMap>
	
	<select id="read" resultMap="memberMap">
		select 
			mem.userid, userpw, username, enabled, regDate, updateDate, auth
		from
			tbl_member mem left outer join tbl_member_auth auth 
		on
			mem.userid = auth.userid
		where mem.userid = #{userid}
	</select>
	
	
</mapper>