<?xml version="1.0" encoding="UTF-8"?>
<beans xmlns="http://www.springframework.org/schema/beans"
	xmlns:xsi="http://www.w3.org/2001/XMLSchema-instance"
	xmlns:p="http://www.springframework.org/schema/p"
	xmlns:context="http://www.springframework.org/schema/context"
	xmlns:aop="http://www.springframework.org/schema/aop"
	xsi:schemaLocation="http://www.springframework.org/schema/beans http://www.springframework.org/schema/beans/spring-beans.xsd
		http://www.springframework.org/schema/context http://www.springframework.org/schema/context/spring-context-4.3.xsd
		http://www.springframework.org/schema/aop http://www.springframework.org/schema/aop/spring-aop-4.3.xsd">

	<context:component-scan base-package="com.ezen.ex02">
	</context:component-scan>

	
	<bean id="log" class="com.ezen.ex02.common.LogAdvice"></bean>
	<bean id="log4j" class="com.ezen.ex02.common.Log4jAdvice"></bean>
	
	<aop:config>
		<aop:pointcut id="allPointcut" 
		expression="execution(* com.ezen.ex02..*Impl.*(..))" />
		
		<aop:aspect ref="log4j">
			<aop:before method="printLogging" pointcut-ref="allPointcut" />
		</aop:aspect>
	</aop:config>
	
</beans>
