<?xml version="1.0" encoding="UTF-8"?>
<beans xmlns="http://www.springframework.org/schema/beans"
	xmlns:xsi="http://www.w3.org/2001/XMLSchema-instance"
	xmlns:p="http://www.springframework.org/schema/p"
	xsi:schemaLocation="http://www.springframework.org/schema/beans http://www.springframework.org/schema/beans/spring-beans.xsd">


	<bean id="samsung" class="com.ezen.ex01.SamsungTV"
	p:speaker-ref="apple" p:price="5500"  >
	<!-- p네임스페이스 주입 -->
	
	<!-- Setter 주입 -->
	<!-- 	<property name="speaker" ref="sony"></property>
		<property name="price" value="5000"></property>
	 -->
		
	<!-- 생성자 주입 -->
	<!-- 	<constructor-arg  ref="apple"></constructor-arg>
		<constructor-arg  value="2500"></constructor-arg>  -->
		
		
	</bean>
	 
	<bean id="lg" class="com.ezen.ex01.LgTV"/>
	
	<bean id="sony" class="com.ezen.ex01.SonySpeaker"></bean>
	
	<bean id = "apple" class="com.ezen.ex01.AppleSpeaker"/>
	
	<!-- com.ezen.ex01.SamsungTV tv = com.ezen.ex01.SamsungTV(); -->
</beans>
