<?xml version="1.0" encoding="UTF-8"?>
<beans xmlns="http://www.springframework.org/schema/beans"
	xmlns:xsi="http://www.w3.org/2001/XMLSchema-instance"
	xmlns:p="http://www.springframework.org/schema/p"
	xsi:schemaLocation="http://www.springframework.org/schema/beans http://www.springframework.org/schema/beans/spring-beans.xsd">

	<bean id="collectionBean" class="com.ezen.ex01.CollectionBean">
	<!-- 	<property name="addressList">
			<list>
				<value>이예찬</value>
				<value>김상호</value>
			</list>
		</property>  -->
		
		<property name="addressList">
			<set value-type="java.lang.String">
				<value>황규성</value>
				<value>이예찬</value>
			</set>
		</property>
	</bean>
	
</beans>
